,V0,V0_Dmean,V0_Dstd,V0.5,V0.5_Dmean,V0.5_Dstd,V1.0,V1.0_Dmean,V1.0_Dstd,V2.0,V2.0_Dmean,V2.0_Dstd,D2%,D2%_Dmean,D2%_Dstd,D3%,D3%_Dmean,D3%_Dstd
1,99.234,4.034170083703838,2.0936352472715476,97.542,4.0993471773521675,2.0517845507839123,94.194,4.21784162033566,1.9873728825167116,82.25,4.605508116477848,1.8238301747377135,8.917396301994934,9.999035632940954,0.9945147939059064,8.450367225876143,9.5581936234108,1.0268272992558085
2,99.243,3.9166465014422776,2.036481209691946,97.479,3.9825917556463537,1.9943065063893954,93.984,4.101891615694863,1.9306588802947515,81.387,4.497567091779256,1.7674260064803455,8.693176697630554,9.763125330030714,1.0034734416138853,8.229449059388374,9.326078646118415,1.0291775082408166
